{"id":56297,"gallery":{"56298":{"status":"active","src":"http:\/\/enviragallery.com\/wp-content\/uploads\/2015\/10\/photodune-1717550-sports-car-s1.jpg","title":"Sports Car","link":"http:\/\/enviragallery.com\/wp-content\/uploads\/2015\/10\/photodune-1717550-sports-car-s1.jpg","alt":"","caption":"Sports Car","thumb":"","tags":[]},"56299":{"status":"active","src":"http:\/\/enviragallery.com\/wp-content\/uploads\/2015\/10\/photodune-2283278-car-s.jpg","title":"Car","link":"http:\/\/enviragallery.com\/wp-content\/uploads\/2015\/10\/photodune-2283278-car-s.jpg","alt":"","caption":"Car","thumb":"","tags":[]},"56300":{"status":"active","src":"http:\/\/enviragallery.com\/wp-content\/uploads\/2015\/10\/photodune-2646360-luxury-sport-car-s.jpg","title":"luxury sport car","link":"http:\/\/enviragallery.com\/wp-content\/uploads\/2015\/10\/photodune-2646360-luxury-sport-car-s.jpg","alt":"","caption":"luxury sport car","thumb":"","tags":[]},"56301":{"status":"active","src":"http:\/\/enviragallery.com\/wp-content\/uploads\/2015\/10\/photodune-4517700-car-s1.jpg","title":"car","link":"http:\/\/enviragallery.com\/wp-content\/uploads\/2015\/10\/photodune-4517700-car-s1.jpg","alt":"","caption":"car","thumb":"","tags":[]},"56302":{"status":"active","src":"http:\/\/enviragallery.com\/wp-content\/uploads\/2015\/10\/photodune-4726697-car-s2.jpg","title":"photodune-4726697-car-s","link":"http:\/\/enviragallery.com\/wp-content\/uploads\/2015\/10\/photodune-4726697-car-s2.jpg","alt":"","caption":"photodune-4726697-car-s","thumb":"","tags":[]},"56303":{"status":"active","src":"http:\/\/enviragallery.com\/wp-content\/uploads\/2015\/10\/photodune-6088156-car-s1.jpg","title":"photodune-6088156-car-s","link":"http:\/\/enviragallery.com\/wp-content\/uploads\/2015\/10\/photodune-6088156-car-s1.jpg","alt":"","caption":"photodune-6088156-car-s","thumb":"","tags":[]}},"config":{"columns":"2","gallery_theme":"base","lightbox_theme":"base","gutter":10,"margin":10,"crop":1,"crop_width":565,"crop_height":300,"mobile":1,"mobile_width":600,"mobile_height":300,"title_display":"float","arrows":1,"keyboard":1,"mousewheel":1,"aspect":1,"toolbar":1,"toolbar_position":"top","loop":1,"thumbnails":0,"thumbnails_width":75,"thumbnails_height":50,"thumbnails_position":"bottom","classes":[""],"title":"Basic Demo Gallery","slug":"basic-demo-gallery","custom_css":"","deeplinking":0,"fullscreen":0,"slideshow":0,"autoplay":0,"ss_speed":5000,"type":"default","description_position":"0","description":"","random":0,"dimensions":0,"isotope":0,"css_animations":1,"lightbox_enabled":0,"lightbox_image_size":"default","arrows_position":"inside","toolbar_title":0,"effect":"fade","html5":0,"mobile_lightbox":0,"mobile_touchwipe":0,"mobile_touchwipe_close":0,"mobile_arrows":0,"mobile_toolbar":0,"mobile_thumbnails":0,"rtl":0,"pinterest":0,"pinterest_position":"top_left","pinterest_color":"gray","protection":0,"supersize":0,"tags":0,"tags_filter":"","tags_all":"","exif":0,"exif_make":0,"exif_model":0,"exif_aperture":0,"exif_shutter_speed":0,"exif_focal_length":0,"exif_iso":0,"exif_lightbox":0,"exif_lightbox_make":0,"exif_lightbox_model":0,"exif_lightbox_aperture":0,"exif_lightbox_shutter_speed":0,"exif_lightbox_focal_length":0,"exif_lightbox_iso":0,"exif_tags":0,"pagination":0,"pagination_position":"above","pagination_images_per_page":0,"pagination_prev_next":0,"pagination_prev_text":"","pagination_next_text":"","pagination_scroll":0,"password_protection_email":"","proofing_lightbox":0,"proofing":0,"proofing_quantity_enabled":0,"proofing_size_enabled":0,"proofing_save_button_label":"","proofing_save_notes_button_label":"","proofing_submit_button_label":"","proofing_submitted_message":"","proofing_sizes":[],"social":0,"social_facebook":0,"social_twitter":0,"social_google":0,"social_pinterest":0,"social_position":"top-left","social_orientation":"horizontal","social_lightbox":0,"social_lightbox_facebook":0,"social_lightbox_twitter":0,"social_lightbox_google":0,"social_lightbox_pinterest":0,"social_lightbox_position":"top-left","social_lightbox_orientation":"horizontal","videos_autoplay":0,"videos_playpause":0,"videos_progress":0,"videos_current":0,"videos_duration":0,"videos_volume":0,"watermarking":0,"watermarking_image_id":0,"watermarking_position":"top-left","watermarking_margin":0,"woocommerce":0,"lightbox_woocommerce":0,"css_opacity":100},"in_gallery":{"6":56298,"7":56299,"8":56300,"9":56301,"10":56302,"11":56303}}